{
    "variable": [
        {
            "id": "baseUrl",
            "key": "baseUrl",
            "type": "string",
            "name": "string",
            "value": "localhost"
        }
    ],
    "info": {
        "name": "OnTheGo2Africa",
        "_postman_id": "8cf78a0d-96fb-4a7b-8407-e247fe4771f7",
        "description": "",
        "schema": "https:\/\/schema.getpostman.com\/json\/collection\/v2.1.0\/collection.json"
    },
    "item": [
        {
            "name": "Admin APIs",
            "description": "\nApis for managing user resource",
            "item": [
                {
                    "name": "GET \/users",
                    "request": {
                        "url": {
                            "protocol": "http",
                            "host": "{{baseUrl}}",
                            "path": "api\/users",
                            "query": [],
                            "raw": "http:\/\/{{baseUrl}}\/api\/users"
                        },
                        "method": "GET",
                        "header": [
                            {
                                "key": "Content-Type",
                                "value": "application\/json"
                            },
                            {
                                "key": "Accept",
                                "value": "application\/json"
                            }
                        ],
                        "body": null,
                        "description": "Get a list of all users",
                        "auth": {
                            "type": "noauth"
                        }
                    },
                    "response": [
                        {
                            "name": "GET \/users Response #1",
                            "originalRequest": {
                                "url": {
                                    "protocol": "http",
                                    "host": "{{baseUrl}}",
                                    "path": "api\/users",
                                    "query": [],
                                    "raw": "http:\/\/{{baseUrl}}\/api\/users"
                                },
                                "method": "GET",
                                "header": [
                                    {
                                        "key": "Content-Type",
                                        "value": "application\/json"
                                    },
                                    {
                                        "key": "Accept",
                                        "value": "application\/json"
                                    }
                                ],
                                "body": null,
                                "description": "Get a list of all users",
                                "auth": {
                                    "type": "noauth"
                                }
                            },
                            "header": null,
                            "cookie": [],
                            "body": "{\n    \"data\": [\n        {\n            \"name\": \"Waino Koelpin\",\n            \"username\": \"balistreri.mohammed\",\n            \"email\": \"heller.marguerite@example.org\",\n            \"email_verified_at\": \"2023-08-17T13:12:12.000000Z\",\n            \"updated_at\": \"2023-08-17T13:12:12.000000Z\",\n            \"created_at\": \"2023-08-17T13:12:12.000000Z\",\n            \"id\": 31\n        },\n        {\n            \"name\": \"Keanu Kemmer\",\n            \"username\": \"parmstrong\",\n            \"email\": \"dare.nikki@example.com\",\n            \"email_verified_at\": \"2023-08-17T13:12:12.000000Z\",\n            \"updated_at\": \"2023-08-17T13:12:12.000000Z\",\n            \"created_at\": \"2023-08-17T13:12:12.000000Z\",\n            \"id\": 32\n        }\n    ]\n}"
                        }
                    ]
                },
                {
                    "name": "GET \/admins",
                    "request": {
                        "url": {
                            "protocol": "http",
                            "host": "{{baseUrl}}",
                            "path": "api\/admins",
                            "query": [],
                            "raw": "http:\/\/{{baseUrl}}\/api\/admins"
                        },
                        "method": "GET",
                        "header": [
                            {
                                "key": "Content-Type",
                                "value": "application\/json"
                            },
                            {
                                "key": "Accept",
                                "value": "application\/json"
                            }
                        ],
                        "body": null,
                        "description": "",
                        "auth": {
                            "type": "noauth"
                        }
                    },
                    "response": [
                        {
                            "name": "GET \/admins Response #1",
                            "originalRequest": {
                                "url": {
                                    "protocol": "http",
                                    "host": "{{baseUrl}}",
                                    "path": "api\/admins",
                                    "query": [],
                                    "raw": "http:\/\/{{baseUrl}}\/api\/admins"
                                },
                                "method": "GET",
                                "header": [
                                    {
                                        "key": "Content-Type",
                                        "value": "application\/json"
                                    },
                                    {
                                        "key": "Accept",
                                        "value": "application\/json"
                                    }
                                ],
                                "body": null,
                                "description": "",
                                "auth": {
                                    "type": "noauth"
                                }
                            },
                            "header": null,
                            "cookie": [],
                            "body": "{\n    \"message\": \"Unauthenticated.\"\n}"
                        }
                    ]
                },
                {
                    "name": "Display the specified resource.",
                    "request": {
                        "url": {
                            "protocol": "http",
                            "host": "{{baseUrl}}",
                            "path": "api\/admins\/:id",
                            "query": [],
                            "raw": "http:\/\/{{baseUrl}}\/api\/admins\/:id",
                            "variable": [
                                {
                                    "id": "id",
                                    "key": "id",
                                    "value": "voluptatibus",
                                    "description": ""
                                }
                            ]
                        },
                        "method": "GET",
                        "header": [
                            {
                                "key": "Content-Type",
                                "value": "application\/json"
                            },
                            {
                                "key": "Accept",
                                "value": "application\/json"
                            }
                        ],
                        "body": null,
                        "description": "",
                        "auth": {
                            "type": "noauth"
                        }
                    },
                    "response": [
                        {
                            "name": "Display the specified resource. Response #1",
                            "originalRequest": {
                                "url": {
                                    "protocol": "http",
                                    "host": "{{baseUrl}}",
                                    "path": "api\/admins\/:id",
                                    "query": [],
                                    "raw": "http:\/\/{{baseUrl}}\/api\/admins\/:id",
                                    "variable": [
                                        {
                                            "id": "id",
                                            "key": "id",
                                            "value": "voluptatibus",
                                            "description": ""
                                        }
                                    ]
                                },
                                "method": "GET",
                                "header": [
                                    {
                                        "key": "Content-Type",
                                        "value": "application\/json"
                                    },
                                    {
                                        "key": "Accept",
                                        "value": "application\/json"
                                    }
                                ],
                                "body": null,
                                "description": "",
                                "auth": {
                                    "type": "noauth"
                                }
                            },
                            "header": null,
                            "cookie": [],
                            "body": "{\n    \"message\": \"Unauthenticated.\"\n}"
                        }
                    ]
                },
                {
                    "name": "Update the specified resource in storage.",
                    "request": {
                        "url": {
                            "protocol": "http",
                            "host": "{{baseUrl}}",
                            "path": "api\/admins",
                            "query": [],
                            "raw": "http:\/\/{{baseUrl}}\/api\/admins"
                        },
                        "method": "PUT",
                        "header": [
                            {
                                "key": "Content-Type",
                                "value": "application\/json"
                            },
                            {
                                "key": "Accept",
                                "value": "application\/json"
                            }
                        ],
                        "body": null,
                        "description": "",
                        "auth": {
                            "type": "noauth"
                        }
                    },
                    "response": []
                },
                {
                    "name": "Remove the specified resource from storage.",
                    "request": {
                        "url": {
                            "protocol": "http",
                            "host": "{{baseUrl}}",
                            "path": "api\/admins",
                            "query": [],
                            "raw": "http:\/\/{{baseUrl}}\/api\/admins"
                        },
                        "method": "DELETE",
                        "header": [
                            {
                                "key": "Content-Type",
                                "value": "application\/json"
                            },
                            {
                                "key": "Accept",
                                "value": "application\/json"
                            }
                        ],
                        "body": null,
                        "description": "",
                        "auth": {
                            "type": "noauth"
                        }
                    },
                    "response": []
                }
            ]
        },
        {
            "name": "Booking APIs",
            "description": "\nApis for managing reservation resource",
            "item": [
                {
                    "name": "GET \/reservations",
                    "request": {
                        "url": {
                            "protocol": "http",
                            "host": "{{baseUrl}}",
                            "path": "api\/reservations",
                            "query": [],
                            "raw": "http:\/\/{{baseUrl}}\/api\/reservations"
                        },
                        "method": "GET",
                        "header": [
                            {
                                "key": "Content-Type",
                                "value": "application\/json"
                            },
                            {
                                "key": "Accept",
                                "value": "application\/json"
                            }
                        ],
                        "body": null,
                        "description": "",
                        "auth": {
                            "type": "noauth"
                        }
                    },
                    "response": [
                        {
                            "name": "GET \/reservations Response #1",
                            "originalRequest": {
                                "url": {
                                    "protocol": "http",
                                    "host": "{{baseUrl}}",
                                    "path": "api\/reservations",
                                    "query": [],
                                    "raw": "http:\/\/{{baseUrl}}\/api\/reservations"
                                },
                                "method": "GET",
                                "header": [
                                    {
                                        "key": "Content-Type",
                                        "value": "application\/json"
                                    },
                                    {
                                        "key": "Accept",
                                        "value": "application\/json"
                                    }
                                ],
                                "body": null,
                                "description": "",
                                "auth": {
                                    "type": "noauth"
                                }
                            },
                            "header": null,
                            "cookie": [],
                            "body": "{\n    \"message\": \"Unauthenticated.\"\n}"
                        }
                    ]
                },
                {
                    "name": "POST \/book-tour",
                    "request": {
                        "url": {
                            "protocol": "http",
                            "host": "{{baseUrl}}",
                            "path": "api\/book-tour\/:id",
                            "query": [],
                            "raw": "http:\/\/{{baseUrl}}\/api\/book-tour\/:id",
                            "variable": [
                                {
                                    "id": "id",
                                    "key": "id",
                                    "value": "ab",
                                    "description": ""
                                }
                            ]
                        },
                        "method": "POST",
                        "header": [
                            {
                                "key": "Content-Type",
                                "value": "application\/json"
                            },
                            {
                                "key": "Accept",
                                "value": "application\/json"
                            }
                        ],
                        "body": {
                            "mode": "raw",
                            "raw": "{\n    \"number_of_guests\": \"hic\",\n    \"check_in\": \"impedit\",\n    \"check_out\": \"molestiae\",\n    \"cost\": \"autem\",\n    \"paymentID\": \"et\"\n}"
                        },
                        "description": "",
                        "auth": {
                            "type": "noauth"
                        }
                    },
                    "response": []
                },
                {
                    "name": "POST \/book-event",
                    "request": {
                        "url": {
                            "protocol": "http",
                            "host": "{{baseUrl}}",
                            "path": "api\/book-event\/:id",
                            "query": [],
                            "raw": "http:\/\/{{baseUrl}}\/api\/book-event\/:id",
                            "variable": [
                                {
                                    "id": "id",
                                    "key": "id",
                                    "value": "ducimus",
                                    "description": ""
                                }
                            ]
                        },
                        "method": "POST",
                        "header": [
                            {
                                "key": "Content-Type",
                                "value": "application\/json"
                            },
                            {
                                "key": "Accept",
                                "value": "application\/json"
                            }
                        ],
                        "body": {
                            "mode": "raw",
                            "raw": "{\n    \"number_of_guests\": \"eligendi\",\n    \"check_in\": \"ut\",\n    \"check_out\": \"minima\",\n    \"cost\": \"dolor\",\n    \"paymentID\": \"dolorum\"\n}"
                        },
                        "description": "",
                        "auth": {
                            "type": "noauth"
                        }
                    },
                    "response": []
                },
                {
                    "name": "GET \/reservations\/id",
                    "request": {
                        "url": {
                            "protocol": "http",
                            "host": "{{baseUrl}}",
                            "path": "api\/reservations\/:id",
                            "query": [],
                            "raw": "http:\/\/{{baseUrl}}\/api\/reservations\/:id",
                            "variable": [
                                {
                                    "id": "id",
                                    "key": "id",
                                    "value": "ea",
                                    "description": ""
                                }
                            ]
                        },
                        "method": "GET",
                        "header": [
                            {
                                "key": "Content-Type",
                                "value": "application\/json"
                            },
                            {
                                "key": "Accept",
                                "value": "application\/json"
                            }
                        ],
                        "body": null,
                        "description": "",
                        "auth": {
                            "type": "noauth"
                        }
                    },
                    "response": [
                        {
                            "name": "GET \/reservations\/id Response #1",
                            "originalRequest": {
                                "url": {
                                    "protocol": "http",
                                    "host": "{{baseUrl}}",
                                    "path": "api\/reservations\/:id",
                                    "query": [],
                                    "raw": "http:\/\/{{baseUrl}}\/api\/reservations\/:id",
                                    "variable": [
                                        {
                                            "id": "id",
                                            "key": "id",
                                            "value": "ea",
                                            "description": ""
                                        }
                                    ]
                                },
                                "method": "GET",
                                "header": [
                                    {
                                        "key": "Content-Type",
                                        "value": "application\/json"
                                    },
                                    {
                                        "key": "Accept",
                                        "value": "application\/json"
                                    }
                                ],
                                "body": null,
                                "description": "",
                                "auth": {
                                    "type": "noauth"
                                }
                            },
                            "header": null,
                            "cookie": [],
                            "body": "{\n    \"message\": \"Unauthenticated.\"\n}"
                        }
                    ]
                },
                {
                    "name": "PUT \/reservations\/id",
                    "request": {
                        "url": {
                            "protocol": "http",
                            "host": "{{baseUrl}}",
                            "path": "api\/reservations\/:id",
                            "query": [],
                            "raw": "http:\/\/{{baseUrl}}\/api\/reservations\/:id",
                            "variable": [
                                {
                                    "id": "id",
                                    "key": "id",
                                    "value": "molestias",
                                    "description": ""
                                }
                            ]
                        },
                        "method": "PUT",
                        "header": [
                            {
                                "key": "Content-Type",
                                "value": "application\/json"
                            },
                            {
                                "key": "Accept",
                                "value": "application\/json"
                            }
                        ],
                        "body": null,
                        "description": "",
                        "auth": {
                            "type": "noauth"
                        }
                    },
                    "response": []
                },
                {
                    "name": "DELETE \/reservations",
                    "request": {
                        "url": {
                            "protocol": "http",
                            "host": "{{baseUrl}}",
                            "path": "api\/reservations\/:id",
                            "query": [],
                            "raw": "http:\/\/{{baseUrl}}\/api\/reservations\/:id",
                            "variable": [
                                {
                                    "id": "id",
                                    "key": "id",
                                    "value": "in",
                                    "description": ""
                                }
                            ]
                        },
                        "method": "DELETE",
                        "header": [
                            {
                                "key": "Content-Type",
                                "value": "application\/json"
                            },
                            {
                                "key": "Accept",
                                "value": "application\/json"
                            }
                        ],
                        "body": null,
                        "description": "",
                        "auth": {
                            "type": "noauth"
                        }
                    },
                    "response": []
                }
            ]
        },
        {
            "name": "Endpoints",
            "description": "",
            "item": [
                {
                    "name": "Return an empty response simply to trigger the storage of the CSRF cookie in the browser.",
                    "request": {
                        "url": {
                            "protocol": "http",
                            "host": "{{baseUrl}}",
                            "path": "sanctum\/csrf-cookie",
                            "query": [],
                            "raw": "http:\/\/{{baseUrl}}\/sanctum\/csrf-cookie"
                        },
                        "method": "GET",
                        "header": [
                            {
                                "key": "Content-Type",
                                "value": "application\/json"
                            },
                            {
                                "key": "Accept",
                                "value": "application\/json"
                            }
                        ],
                        "body": null,
                        "description": "",
                        "auth": {
                            "type": "noauth"
                        }
                    },
                    "response": []
                },
                {
                    "name": "Stale",
                    "request": {
                        "url": {
                            "protocol": "http",
                            "host": "{{baseUrl}}",
                            "path": "\/",
                            "query": [],
                            "raw": "http:\/\/{{baseUrl}}\/\/"
                        },
                        "method": "GET",
                        "header": [
                            {
                                "key": "Content-Type",
                                "value": "application\/json"
                            },
                            {
                                "key": "Accept",
                                "value": "application\/json"
                            }
                        ],
                        "body": null,
                        "description": "",
                        "auth": {
                            "type": "noauth"
                        }
                    },
                    "response": [
                        {
                            "name": "Stale Response #1",
                            "originalRequest": {
                                "url": {
                                    "protocol": "http",
                                    "host": "{{baseUrl}}",
                                    "path": "\/",
                                    "query": [],
                                    "raw": "http:\/\/{{baseUrl}}\/\/"
                                },
                                "method": "GET",
                                "header": [
                                    {
                                        "key": "Content-Type",
                                        "value": "application\/json"
                                    },
                                    {
                                        "key": "Accept",
                                        "value": "application\/json"
                                    }
                                ],
                                "body": null,
                                "description": "",
                                "auth": {
                                    "type": "noauth"
                                }
                            },
                            "header": null,
                            "cookie": [],
                            "body": "{\n    \"returns\": \"success page\"\n}"
                        }
                    ]
                }
            ]
        },
        {
            "name": "Event APIs",
            "description": "\nApis for managing event resource",
            "item": [
                {
                    "name": "GET \/events",
                    "request": {
                        "url": {
                            "protocol": "http",
                            "host": "{{baseUrl}}",
                            "path": "api\/events",
                            "query": [],
                            "raw": "http:\/\/{{baseUrl}}\/api\/events"
                        },
                        "method": "GET",
                        "header": [
                            {
                                "key": "Content-Type",
                                "value": "application\/json"
                            },
                            {
                                "key": "Accept",
                                "value": "application\/json"
                            }
                        ],
                        "body": null,
                        "description": "",
                        "auth": {
                            "type": "noauth"
                        }
                    },
                    "response": [
                        {
                            "name": "GET \/events Response #1",
                            "originalRequest": {
                                "url": {
                                    "protocol": "http",
                                    "host": "{{baseUrl}}",
                                    "path": "api\/events",
                                    "query": [],
                                    "raw": "http:\/\/{{baseUrl}}\/api\/events"
                                },
                                "method": "GET",
                                "header": [
                                    {
                                        "key": "Content-Type",
                                        "value": "application\/json"
                                    },
                                    {
                                        "key": "Accept",
                                        "value": "application\/json"
                                    }
                                ],
                                "body": null,
                                "description": "",
                                "auth": {
                                    "type": "noauth"
                                }
                            },
                            "header": null,
                            "cookie": [],
                            "body": "{\n    \"events\": []\n}"
                        }
                    ]
                },
                {
                    "name": "GET \/events\/slug",
                    "request": {
                        "url": {
                            "protocol": "http",
                            "host": "{{baseUrl}}",
                            "path": "api\/events\/:slug",
                            "query": [],
                            "raw": "http:\/\/{{baseUrl}}\/api\/events\/:slug",
                            "variable": [
                                {
                                    "id": "slug",
                                    "key": "slug",
                                    "value": "officia",
                                    "description": ""
                                }
                            ]
                        },
                        "method": "GET",
                        "header": [
                            {
                                "key": "Content-Type",
                                "value": "application\/json"
                            },
                            {
                                "key": "Accept",
                                "value": "application\/json"
                            }
                        ],
                        "body": null,
                        "description": "Fetch event with slug",
                        "auth": {
                            "type": "noauth"
                        }
                    },
                    "response": [
                        {
                            "name": "GET \/events\/slug Response #1",
                            "originalRequest": {
                                "url": {
                                    "protocol": "http",
                                    "host": "{{baseUrl}}",
                                    "path": "api\/events\/:slug",
                                    "query": [],
                                    "raw": "http:\/\/{{baseUrl}}\/api\/events\/:slug",
                                    "variable": [
                                        {
                                            "id": "slug",
                                            "key": "slug",
                                            "value": "officia",
                                            "description": ""
                                        }
                                    ]
                                },
                                "method": "GET",
                                "header": [
                                    {
                                        "key": "Content-Type",
                                        "value": "application\/json"
                                    },
                                    {
                                        "key": "Accept",
                                        "value": "application\/json"
                                    }
                                ],
                                "body": null,
                                "description": "Fetch event with slug",
                                "auth": {
                                    "type": "noauth"
                                }
                            },
                            "header": null,
                            "cookie": [],
                            "body": "{\n    \"event\": {\n        \"id\": 1,\n        \"title\": \"dgs\",\n        \"slug\": \"dgs\",\n        \"cover_image\": \"http:\\\/\\\/127.0.0.1:8000\\\/storage\\\/cover_images\\\/lheicfYAjrZTfqlbDutpqUIpS9ueefojUyYDsDYx.jpg\",\n        \"overview\": \"skflalkjflfkj\",\n        \"itenary\": \"dsfsf\",\n        \"cost\": \"dsf\",\n        \"created_at\": \"2023-08-16T14:11:19.000000Z\",\n        \"updated_at\": \"2023-08-16T14:11:19.000000Z\",\n        \"images\": []\n    }\n}"
                        }
                    ]
                },
                {
                    "name": "POST \/events",
                    "request": {
                        "url": {
                            "protocol": "http",
                            "host": "{{baseUrl}}",
                            "path": "api\/events",
                            "query": [],
                            "raw": "http:\/\/{{baseUrl}}\/api\/events"
                        },
                        "method": "POST",
                        "header": [
                            {
                                "key": "Content-Type",
                                "value": "multipart\/form-data"
                            },
                            {
                                "key": "Accept",
                                "value": "application\/json"
                            }
                        ],
                        "body": {
                            "mode": "formdata",
                            "formdata": [
                                {
                                    "key": "title",
                                    "value": "in",
                                    "type": "text"
                                },
                                {
                                    "key": "overview",
                                    "value": "at",
                                    "type": "text"
                                },
                                {
                                    "key": "itenary",
                                    "value": "perspiciatis",
                                    "type": "text"
                                },
                                {
                                    "key": "cost",
                                    "value": "tempora",
                                    "type": "text"
                                },
                                {
                                    "key": "images[]",
                                    "value": "non",
                                    "type": "text"
                                },
                                {
                                    "key": "cover_image",
                                    "src": [],
                                    "type": "file"
                                }
                            ]
                        },
                        "description": "",
                        "auth": {
                            "type": "noauth"
                        }
                    },
                    "response": []
                },
                {
                    "name": "PUT \/events",
                    "request": {
                        "url": {
                            "protocol": "http",
                            "host": "{{baseUrl}}",
                            "path": "api\/events\/:id",
                            "query": [],
                            "raw": "http:\/\/{{baseUrl}}\/api\/events\/:id",
                            "variable": [
                                {
                                    "id": "id",
                                    "key": "id",
                                    "value": "recusandae",
                                    "description": ""
                                }
                            ]
                        },
                        "method": "PUT",
                        "header": [
                            {
                                "key": "Content-Type",
                                "value": "multipart\/form-data"
                            },
                            {
                                "key": "Accept",
                                "value": "application\/json"
                            }
                        ],
                        "body": {
                            "mode": "formdata",
                            "formdata": [
                                {
                                    "key": "title",
                                    "value": "ducimus",
                                    "type": "text"
                                },
                                {
                                    "key": "overview",
                                    "value": "ad",
                                    "type": "text"
                                },
                                {
                                    "key": "itenary",
                                    "value": "et",
                                    "type": "text"
                                },
                                {
                                    "key": "cost",
                                    "value": "nihil",
                                    "type": "text"
                                },
                                {
                                    "key": "images[]",
                                    "value": "vero",
                                    "type": "text"
                                },
                                {
                                    "key": "cover_image",
                                    "src": [],
                                    "type": "file"
                                }
                            ]
                        },
                        "description": "",
                        "auth": {
                            "type": "noauth"
                        }
                    },
                    "response": []
                },
                {
                    "name": "DELETE \/events",
                    "request": {
                        "url": {
                            "protocol": "http",
                            "host": "{{baseUrl}}",
                            "path": "api\/events\/:id",
                            "query": [],
                            "raw": "http:\/\/{{baseUrl}}\/api\/events\/:id",
                            "variable": [
                                {
                                    "id": "id",
                                    "key": "id",
                                    "value": "dolor",
                                    "description": ""
                                }
                            ]
                        },
                        "method": "DELETE",
                        "header": [
                            {
                                "key": "Content-Type",
                                "value": "application\/json"
                            },
                            {
                                "key": "Accept",
                                "value": "application\/json"
                            }
                        ],
                        "body": null,
                        "description": "",
                        "auth": {
                            "type": "noauth"
                        }
                    },
                    "response": []
                }
            ]
        },
        {
            "name": "FAQ APIs",
            "description": "\nApis for managing event resource",
            "item": [
                {
                    "name": "GET \/faqs",
                    "request": {
                        "url": {
                            "protocol": "http",
                            "host": "{{baseUrl}}",
                            "path": "api\/faqs",
                            "query": [],
                            "raw": "http:\/\/{{baseUrl}}\/api\/faqs"
                        },
                        "method": "GET",
                        "header": [
                            {
                                "key": "Content-Type",
                                "value": "application\/json"
                            },
                            {
                                "key": "Accept",
                                "value": "application\/json"
                            }
                        ],
                        "body": null,
                        "description": "",
                        "auth": {
                            "type": "noauth"
                        }
                    },
                    "response": [
                        {
                            "name": "GET \/faqs Response #1",
                            "originalRequest": {
                                "url": {
                                    "protocol": "http",
                                    "host": "{{baseUrl}}",
                                    "path": "api\/faqs",
                                    "query": [],
                                    "raw": "http:\/\/{{baseUrl}}\/api\/faqs"
                                },
                                "method": "GET",
                                "header": [
                                    {
                                        "key": "Content-Type",
                                        "value": "application\/json"
                                    },
                                    {
                                        "key": "Accept",
                                        "value": "application\/json"
                                    }
                                ],
                                "body": null,
                                "description": "",
                                "auth": {
                                    "type": "noauth"
                                }
                            },
                            "header": null,
                            "cookie": [],
                            "body": "{\n    \"faqs\": []\n}"
                        }
                    ]
                },
                {
                    "name": "POST \/faqs",
                    "request": {
                        "url": {
                            "protocol": "http",
                            "host": "{{baseUrl}}",
                            "path": "api\/faqs",
                            "query": [],
                            "raw": "http:\/\/{{baseUrl}}\/api\/faqs"
                        },
                        "method": "POST",
                        "header": [
                            {
                                "key": "Content-Type",
                                "value": "application\/json"
                            },
                            {
                                "key": "Accept",
                                "value": "application\/json"
                            }
                        ],
                        "body": {
                            "mode": "raw",
                            "raw": "{\n    \"title\": \"expedita\",\n    \"content\": \"dignissimos\"\n}"
                        },
                        "description": "",
                        "auth": {
                            "type": "noauth"
                        }
                    },
                    "response": []
                },
                {
                    "name": "GET \/faqs\/id",
                    "request": {
                        "url": {
                            "protocol": "http",
                            "host": "{{baseUrl}}",
                            "path": "api\/faqs\/:id",
                            "query": [],
                            "raw": "http:\/\/{{baseUrl}}\/api\/faqs\/:id",
                            "variable": [
                                {
                                    "id": "id",
                                    "key": "id",
                                    "value": "dolorem",
                                    "description": ""
                                }
                            ]
                        },
                        "method": "GET",
                        "header": [
                            {
                                "key": "Content-Type",
                                "value": "application\/json"
                            },
                            {
                                "key": "Accept",
                                "value": "application\/json"
                            }
                        ],
                        "body": null,
                        "description": "",
                        "auth": {
                            "type": "noauth"
                        }
                    },
                    "response": [
                        {
                            "name": "GET \/faqs\/id Response #1",
                            "originalRequest": {
                                "url": {
                                    "protocol": "http",
                                    "host": "{{baseUrl}}",
                                    "path": "api\/faqs\/:id",
                                    "query": [],
                                    "raw": "http:\/\/{{baseUrl}}\/api\/faqs\/:id",
                                    "variable": [
                                        {
                                            "id": "id",
                                            "key": "id",
                                            "value": "dolorem",
                                            "description": ""
                                        }
                                    ]
                                },
                                "method": "GET",
                                "header": [
                                    {
                                        "key": "Content-Type",
                                        "value": "application\/json"
                                    },
                                    {
                                        "key": "Accept",
                                        "value": "application\/json"
                                    }
                                ],
                                "body": null,
                                "description": "",
                                "auth": {
                                    "type": "noauth"
                                }
                            },
                            "header": null,
                            "cookie": [],
                            "body": "{\n    \"message\": \"Unauthenticated.\"\n}"
                        }
                    ]
                },
                {
                    "name": "PUT \/faqs\/id",
                    "request": {
                        "url": {
                            "protocol": "http",
                            "host": "{{baseUrl}}",
                            "path": "api\/faqs\/:id",
                            "query": [],
                            "raw": "http:\/\/{{baseUrl}}\/api\/faqs\/:id",
                            "variable": [
                                {
                                    "id": "id",
                                    "key": "id",
                                    "value": "laborum",
                                    "description": ""
                                }
                            ]
                        },
                        "method": "PUT",
                        "header": [
                            {
                                "key": "Content-Type",
                                "value": "application\/json"
                            },
                            {
                                "key": "Accept",
                                "value": "application\/json"
                            }
                        ],
                        "body": {
                            "mode": "raw",
                            "raw": "{\n    \"title\": \"minima\",\n    \"content\": \"voluptas\"\n}"
                        },
                        "description": "",
                        "auth": {
                            "type": "noauth"
                        }
                    },
                    "response": []
                },
                {
                    "name": "DELETE \/faqs",
                    "request": {
                        "url": {
                            "protocol": "http",
                            "host": "{{baseUrl}}",
                            "path": "api\/faqs\/:id",
                            "query": [],
                            "raw": "http:\/\/{{baseUrl}}\/api\/faqs\/:id",
                            "variable": [
                                {
                                    "id": "id",
                                    "key": "id",
                                    "value": "odit",
                                    "description": ""
                                }
                            ]
                        },
                        "method": "DELETE",
                        "header": [
                            {
                                "key": "Content-Type",
                                "value": "application\/json"
                            },
                            {
                                "key": "Accept",
                                "value": "application\/json"
                            }
                        ],
                        "body": null,
                        "description": "",
                        "auth": {
                            "type": "noauth"
                        }
                    },
                    "response": []
                }
            ]
        },
        {
            "name": "NewsLetter APIs",
            "description": "\nApis for managing newsletter resource",
            "item": [
                {
                    "name": "GET \/newsletter",
                    "request": {
                        "url": {
                            "protocol": "http",
                            "host": "{{baseUrl}}",
                            "path": "api\/newsletter-subscriptions",
                            "query": [],
                            "raw": "http:\/\/{{baseUrl}}\/api\/newsletter-subscriptions"
                        },
                        "method": "GET",
                        "header": [
                            {
                                "key": "Content-Type",
                                "value": "application\/json"
                            },
                            {
                                "key": "Accept",
                                "value": "application\/json"
                            }
                        ],
                        "body": null,
                        "description": "",
                        "auth": {
                            "type": "noauth"
                        }
                    },
                    "response": [
                        {
                            "name": "GET \/newsletter Response #1",
                            "originalRequest": {
                                "url": {
                                    "protocol": "http",
                                    "host": "{{baseUrl}}",
                                    "path": "api\/newsletter-subscriptions",
                                    "query": [],
                                    "raw": "http:\/\/{{baseUrl}}\/api\/newsletter-subscriptions"
                                },
                                "method": "GET",
                                "header": [
                                    {
                                        "key": "Content-Type",
                                        "value": "application\/json"
                                    },
                                    {
                                        "key": "Accept",
                                        "value": "application\/json"
                                    }
                                ],
                                "body": null,
                                "description": "",
                                "auth": {
                                    "type": "noauth"
                                }
                            },
                            "header": null,
                            "cookie": [],
                            "body": "{\n    \"newsletters\": []\n}"
                        }
                    ]
                },
                {
                    "name": "POST \/newsletter-subscribe",
                    "request": {
                        "url": {
                            "protocol": "http",
                            "host": "{{baseUrl}}",
                            "path": "api\/newsletter-subscribe",
                            "query": [],
                            "raw": "http:\/\/{{baseUrl}}\/api\/newsletter-subscribe"
                        },
                        "method": "POST",
                        "header": [
                            {
                                "key": "Content-Type",
                                "value": "application\/json"
                            },
                            {
                                "key": "Accept",
                                "value": "application\/json"
                            }
                        ],
                        "body": {
                            "mode": "raw",
                            "raw": "{\n    \"email\": \"non\"\n}"
                        },
                        "description": "",
                        "auth": {
                            "type": "noauth"
                        }
                    },
                    "response": []
                }
            ]
        },
        {
            "name": "Tour APIs",
            "description": "\nApis for managing event resource",
            "item": [
                {
                    "name": "GET \/tours",
                    "request": {
                        "url": {
                            "protocol": "http",
                            "host": "{{baseUrl}}",
                            "path": "api\/tours",
                            "query": [],
                            "raw": "http:\/\/{{baseUrl}}\/api\/tours"
                        },
                        "method": "GET",
                        "header": [
                            {
                                "key": "Content-Type",
                                "value": "application\/json"
                            },
                            {
                                "key": "Accept",
                                "value": "application\/json"
                            }
                        ],
                        "body": null,
                        "description": "",
                        "auth": {
                            "type": "noauth"
                        }
                    },
                    "response": [
                        {
                            "name": "GET \/tours Response #1",
                            "originalRequest": {
                                "url": {
                                    "protocol": "http",
                                    "host": "{{baseUrl}}",
                                    "path": "api\/tours",
                                    "query": [],
                                    "raw": "http:\/\/{{baseUrl}}\/api\/tours"
                                },
                                "method": "GET",
                                "header": [
                                    {
                                        "key": "Content-Type",
                                        "value": "application\/json"
                                    },
                                    {
                                        "key": "Accept",
                                        "value": "application\/json"
                                    }
                                ],
                                "body": null,
                                "description": "",
                                "auth": {
                                    "type": "noauth"
                                }
                            },
                            "header": null,
                            "cookie": [],
                            "body": "{\n    \"tours\": []\n}"
                        }
                    ]
                },
                {
                    "name": "GET \/tours\/slug",
                    "request": {
                        "url": {
                            "protocol": "http",
                            "host": "{{baseUrl}}",
                            "path": "api\/tours\/:slug",
                            "query": [],
                            "raw": "http:\/\/{{baseUrl}}\/api\/tours\/:slug",
                            "variable": [
                                {
                                    "id": "slug",
                                    "key": "slug",
                                    "value": "impedit",
                                    "description": ""
                                }
                            ]
                        },
                        "method": "GET",
                        "header": [
                            {
                                "key": "Content-Type",
                                "value": "application\/json"
                            },
                            {
                                "key": "Accept",
                                "value": "application\/json"
                            }
                        ],
                        "body": null,
                        "description": "Fetch tour with slug",
                        "auth": {
                            "type": "noauth"
                        }
                    },
                    "response": [
                        {
                            "name": "GET \/tours\/slug Response #1",
                            "originalRequest": {
                                "url": {
                                    "protocol": "http",
                                    "host": "{{baseUrl}}",
                                    "path": "api\/tours\/:slug",
                                    "query": [],
                                    "raw": "http:\/\/{{baseUrl}}\/api\/tours\/:slug",
                                    "variable": [
                                        {
                                            "id": "slug",
                                            "key": "slug",
                                            "value": "impedit",
                                            "description": ""
                                        }
                                    ]
                                },
                                "method": "GET",
                                "header": [
                                    {
                                        "key": "Content-Type",
                                        "value": "application\/json"
                                    },
                                    {
                                        "key": "Accept",
                                        "value": "application\/json"
                                    }
                                ],
                                "body": null,
                                "description": "Fetch tour with slug",
                                "auth": {
                                    "type": "noauth"
                                }
                            },
                            "header": null,
                            "cookie": [],
                            "body": "{\n    \"tour\": {\n        \"id\": 1,\n        \"title\": \"dgs\",\n        \"slug\": \"dgs\",\n        \"cover_image\": \"http:\\\/\\\/127.0.0.1:8000\\\/storage\\\/cover_images\\\/lheicfYAjrZTfqlbDutpqUIpS9ueefojUyYDsDYx.jpg\",\n        \"overview\": \"skflalkjflfkj\",\n        \"itenary\": \"dsfsf\",\n        \"cost\": \"dsf\",\n        \"created_at\": \"2023-08-16T14:11:19.000000Z\",\n        \"updated_at\": \"2023-08-16T14:11:19.000000Z\",\n        \"images\": []\n    }\n}"
                        }
                    ]
                },
                {
                    "name": "POST \/tours",
                    "request": {
                        "url": {
                            "protocol": "http",
                            "host": "{{baseUrl}}",
                            "path": "api\/tours",
                            "query": [],
                            "raw": "http:\/\/{{baseUrl}}\/api\/tours"
                        },
                        "method": "POST",
                        "header": [
                            {
                                "key": "Content-Type",
                                "value": "multipart\/form-data"
                            },
                            {
                                "key": "Accept",
                                "value": "application\/json"
                            }
                        ],
                        "body": {
                            "mode": "formdata",
                            "formdata": [
                                {
                                    "key": "title",
                                    "value": "veritatis",
                                    "type": "text"
                                },
                                {
                                    "key": "overview",
                                    "value": "esse",
                                    "type": "text"
                                },
                                {
                                    "key": "itenary",
                                    "value": "voluptatem",
                                    "type": "text"
                                },
                                {
                                    "key": "cost",
                                    "value": "quam",
                                    "type": "text"
                                },
                                {
                                    "key": "images[]",
                                    "value": "aspernatur",
                                    "type": "text"
                                },
                                {
                                    "key": "cover_image",
                                    "src": [],
                                    "type": "file"
                                }
                            ]
                        },
                        "description": "",
                        "auth": {
                            "type": "noauth"
                        }
                    },
                    "response": []
                },
                {
                    "name": "PUT \/tours",
                    "request": {
                        "url": {
                            "protocol": "http",
                            "host": "{{baseUrl}}",
                            "path": "api\/tours\/:id",
                            "query": [],
                            "raw": "http:\/\/{{baseUrl}}\/api\/tours\/:id",
                            "variable": [
                                {
                                    "id": "id",
                                    "key": "id",
                                    "value": "alias",
                                    "description": ""
                                }
                            ]
                        },
                        "method": "PUT",
                        "header": [
                            {
                                "key": "Content-Type",
                                "value": "multipart\/form-data"
                            },
                            {
                                "key": "Accept",
                                "value": "application\/json"
                            }
                        ],
                        "body": {
                            "mode": "formdata",
                            "formdata": [
                                {
                                    "key": "title",
                                    "value": "et",
                                    "type": "text"
                                },
                                {
                                    "key": "overview",
                                    "value": "temporibus",
                                    "type": "text"
                                },
                                {
                                    "key": "itenary",
                                    "value": "ut",
                                    "type": "text"
                                },
                                {
                                    "key": "cost",
                                    "value": "eveniet",
                                    "type": "text"
                                },
                                {
                                    "key": "images[]",
                                    "value": "ratione",
                                    "type": "text"
                                },
                                {
                                    "key": "cover_image",
                                    "src": [],
                                    "type": "file"
                                }
                            ]
                        },
                        "description": "",
                        "auth": {
                            "type": "noauth"
                        }
                    },
                    "response": []
                },
                {
                    "name": "DELETE \/tours",
                    "request": {
                        "url": {
                            "protocol": "http",
                            "host": "{{baseUrl}}",
                            "path": "api\/tours\/:id",
                            "query": [],
                            "raw": "http:\/\/{{baseUrl}}\/api\/tours\/:id",
                            "variable": [
                                {
                                    "id": "id",
                                    "key": "id",
                                    "value": "maiores",
                                    "description": ""
                                }
                            ]
                        },
                        "method": "DELETE",
                        "header": [
                            {
                                "key": "Content-Type",
                                "value": "application\/json"
                            },
                            {
                                "key": "Accept",
                                "value": "application\/json"
                            }
                        ],
                        "body": null,
                        "description": "",
                        "auth": {
                            "type": "noauth"
                        }
                    },
                    "response": []
                }
            ]
        },
        {
            "name": "User APIs",
            "description": "\nApis for managing user resource",
            "item": [
                {
                    "name": "POST \/register",
                    "request": {
                        "url": {
                            "protocol": "http",
                            "host": "{{baseUrl}}",
                            "path": "api\/register",
                            "query": [],
                            "raw": "http:\/\/{{baseUrl}}\/api\/register"
                        },
                        "method": "POST",
                        "header": [
                            {
                                "key": "Content-Type",
                                "value": "application\/json"
                            },
                            {
                                "key": "Accept",
                                "value": "application\/json"
                            }
                        ],
                        "body": {
                            "mode": "raw",
                            "raw": "{\n    \"name\": \"at\",\n    \"username\": \"quia\",\n    \"email\": \"doloribus\",\n    \"password\": \"at\",\n    \"password_confirmation\": \"vitae\"\n}"
                        },
                        "description": "Store a newly created user in storage.",
                        "auth": {
                            "type": "noauth"
                        }
                    },
                    "response": [
                        {
                            "name": "POST \/register Response #1",
                            "originalRequest": {
                                "url": {
                                    "protocol": "http",
                                    "host": "{{baseUrl}}",
                                    "path": "api\/register",
                                    "query": [],
                                    "raw": "http:\/\/{{baseUrl}}\/api\/register"
                                },
                                "method": "POST",
                                "header": [
                                    {
                                        "key": "Content-Type",
                                        "value": "application\/json"
                                    },
                                    {
                                        "key": "Accept",
                                        "value": "application\/json"
                                    }
                                ],
                                "body": {
                                    "mode": "raw",
                                    "raw": "{\n    \"name\": \"at\",\n    \"username\": \"quia\",\n    \"email\": \"doloribus\",\n    \"password\": \"at\",\n    \"password_confirmation\": \"vitae\"\n}"
                                },
                                "description": "Store a newly created user in storage.",
                                "auth": {
                                    "type": "noauth"
                                }
                            },
                            "header": null,
                            "cookie": [],
                            "body": "{\n    \"data\": {\n        \"name\": \"Major Wiza Jr.\",\n        \"username\": \"gmorissette\",\n        \"email\": \"justine14@example.net\",\n        \"email_verified_at\": \"2023-08-17T13:12:12.000000Z\",\n        \"updated_at\": \"2023-08-17T13:12:12.000000Z\",\n        \"created_at\": \"2023-08-17T13:12:12.000000Z\",\n        \"id\": 28\n    }\n}"
                        }
                    ]
                },
                {
                    "name": "POST \/forgot-password",
                    "request": {
                        "url": {
                            "protocol": "http",
                            "host": "{{baseUrl}}",
                            "path": "api\/forgot-password",
                            "query": [],
                            "raw": "http:\/\/{{baseUrl}}\/api\/forgot-password"
                        },
                        "method": "POST",
                        "header": [
                            {
                                "key": "Content-Type",
                                "value": "application\/json"
                            },
                            {
                                "key": "Accept",
                                "value": "application\/json"
                            }
                        ],
                        "body": {
                            "mode": "raw",
                            "raw": "{\n    \"email\": \"aperiam\"\n}"
                        },
                        "description": "",
                        "auth": {
                            "type": "noauth"
                        }
                    },
                    "response": []
                },
                {
                    "name": "POST \/login",
                    "request": {
                        "url": {
                            "protocol": "http",
                            "host": "{{baseUrl}}",
                            "path": "api\/login",
                            "query": [],
                            "raw": "http:\/\/{{baseUrl}}\/api\/login"
                        },
                        "method": "POST",
                        "header": [
                            {
                                "key": "Content-Type",
                                "value": "application\/json"
                            },
                            {
                                "key": "Accept",
                                "value": "application\/json"
                            }
                        ],
                        "body": {
                            "mode": "raw",
                            "raw": "{\n    \"email\": \"voluptatem\",\n    \"password\": \"possimus\"\n}"
                        },
                        "description": "",
                        "auth": {
                            "type": "noauth"
                        }
                    },
                    "response": [
                        {
                            "name": "POST \/login Response #1",
                            "originalRequest": {
                                "url": {
                                    "protocol": "http",
                                    "host": "{{baseUrl}}",
                                    "path": "api\/login",
                                    "query": [],
                                    "raw": "http:\/\/{{baseUrl}}\/api\/login"
                                },
                                "method": "POST",
                                "header": [
                                    {
                                        "key": "Content-Type",
                                        "value": "application\/json"
                                    },
                                    {
                                        "key": "Accept",
                                        "value": "application\/json"
                                    }
                                ],
                                "body": {
                                    "mode": "raw",
                                    "raw": "{\n    \"email\": \"voluptatem\",\n    \"password\": \"possimus\"\n}"
                                },
                                "description": "",
                                "auth": {
                                    "type": "noauth"
                                }
                            },
                            "header": null,
                            "cookie": [],
                            "body": "{\n    \"data\": {\n        \"name\": \"Beverly Eichmann Jr.\",\n        \"username\": \"dora15\",\n        \"email\": \"ldaniel@example.org\",\n        \"email_verified_at\": \"2023-08-17T13:12:12.000000Z\",\n        \"updated_at\": \"2023-08-17T13:12:12.000000Z\",\n        \"created_at\": \"2023-08-17T13:12:12.000000Z\",\n        \"id\": 29\n    }\n}"
                        }
                    ]
                },
                {
                    "name": "Send Verify Email Link",
                    "request": {
                        "url": {
                            "protocol": "http",
                            "host": "{{baseUrl}}",
                            "path": "api\/email\/verification-notification",
                            "query": [],
                            "raw": "http:\/\/{{baseUrl}}\/api\/email\/verification-notification"
                        },
                        "method": "POST",
                        "header": [
                            {
                                "key": "Content-Type",
                                "value": "application\/json"
                            },
                            {
                                "key": "Accept",
                                "value": "application\/json"
                            }
                        ],
                        "body": {
                            "mode": "raw",
                            "raw": "{\n    \"email\": \"quas\"\n}"
                        },
                        "description": "",
                        "auth": {
                            "type": "noauth"
                        }
                    },
                    "response": []
                },
                {
                    "name": "Verify Email - Backend Only",
                    "request": {
                        "url": {
                            "protocol": "http",
                            "host": "{{baseUrl}}",
                            "path": "api\/verify-email\/:id\/:hash",
                            "query": [],
                            "raw": "http:\/\/{{baseUrl}}\/api\/verify-email\/:id\/:hash",
                            "variable": [
                                {
                                    "id": "id",
                                    "key": "id",
                                    "value": "in",
                                    "description": ""
                                },
                                {
                                    "id": "hash",
                                    "key": "hash",
                                    "value": "ullam",
                                    "description": ""
                                }
                            ]
                        },
                        "method": "GET",
                        "header": [
                            {
                                "key": "Content-Type",
                                "value": "application\/json"
                            },
                            {
                                "key": "Accept",
                                "value": "application\/json"
                            }
                        ],
                        "body": null,
                        "description": "",
                        "auth": {
                            "type": "noauth"
                        }
                    },
                    "response": [
                        {
                            "name": "Verify Email - Backend Only Response #1",
                            "originalRequest": {
                                "url": {
                                    "protocol": "http",
                                    "host": "{{baseUrl}}",
                                    "path": "api\/verify-email\/:id\/:hash",
                                    "query": [],
                                    "raw": "http:\/\/{{baseUrl}}\/api\/verify-email\/:id\/:hash",
                                    "variable": [
                                        {
                                            "id": "id",
                                            "key": "id",
                                            "value": "in",
                                            "description": ""
                                        },
                                        {
                                            "id": "hash",
                                            "key": "hash",
                                            "value": "ullam",
                                            "description": ""
                                        }
                                    ]
                                },
                                "method": "GET",
                                "header": [
                                    {
                                        "key": "Content-Type",
                                        "value": "application\/json"
                                    },
                                    {
                                        "key": "Accept",
                                        "value": "application\/json"
                                    }
                                ],
                                "body": null,
                                "description": "",
                                "auth": {
                                    "type": "noauth"
                                }
                            },
                            "header": null,
                            "cookie": [],
                            "body": "{\n    \"returns\": \"success page\"\n}"
                        }
                    ]
                },
                {
                    "name": "GET \/profile",
                    "request": {
                        "url": {
                            "protocol": "http",
                            "host": "{{baseUrl}}",
                            "path": "api\/profile",
                            "query": [],
                            "raw": "http:\/\/{{baseUrl}}\/api\/profile"
                        },
                        "method": "GET",
                        "header": [
                            {
                                "key": "Content-Type",
                                "value": "application\/json"
                            },
                            {
                                "key": "Accept",
                                "value": "application\/json"
                            }
                        ],
                        "body": null,
                        "description": "",
                        "auth": {
                            "type": "noauth"
                        }
                    },
                    "response": [
                        {
                            "name": "GET \/profile Response #1",
                            "originalRequest": {
                                "url": {
                                    "protocol": "http",
                                    "host": "{{baseUrl}}",
                                    "path": "api\/profile",
                                    "query": [],
                                    "raw": "http:\/\/{{baseUrl}}\/api\/profile"
                                },
                                "method": "GET",
                                "header": [
                                    {
                                        "key": "Content-Type",
                                        "value": "application\/json"
                                    },
                                    {
                                        "key": "Accept",
                                        "value": "application\/json"
                                    }
                                ],
                                "body": null,
                                "description": "",
                                "auth": {
                                    "type": "noauth"
                                }
                            },
                            "header": null,
                            "cookie": [],
                            "body": "{\n    \"message\": \"Unauthenticated.\"\n}"
                        }
                    ]
                },
                {
                    "name": "PUT \/users",
                    "request": {
                        "url": {
                            "protocol": "http",
                            "host": "{{baseUrl}}",
                            "path": "api\/users",
                            "query": [],
                            "raw": "http:\/\/{{baseUrl}}\/api\/users"
                        },
                        "method": "PUT",
                        "header": [
                            {
                                "key": "Content-Type",
                                "value": "application\/json"
                            },
                            {
                                "key": "Accept",
                                "value": "application\/json"
                            }
                        ],
                        "body": {
                            "mode": "raw",
                            "raw": "{\n    \"name\": \"et\",\n    \"username\": \"saepe\"\n}"
                        },
                        "description": "Update the user in storage.",
                        "auth": {
                            "type": "noauth"
                        }
                    },
                    "response": [
                        {
                            "name": "PUT \/users Response #1",
                            "originalRequest": {
                                "url": {
                                    "protocol": "http",
                                    "host": "{{baseUrl}}",
                                    "path": "api\/users",
                                    "query": [],
                                    "raw": "http:\/\/{{baseUrl}}\/api\/users"
                                },
                                "method": "PUT",
                                "header": [
                                    {
                                        "key": "Content-Type",
                                        "value": "application\/json"
                                    },
                                    {
                                        "key": "Accept",
                                        "value": "application\/json"
                                    }
                                ],
                                "body": {
                                    "mode": "raw",
                                    "raw": "{\n    \"name\": \"et\",\n    \"username\": \"saepe\"\n}"
                                },
                                "description": "Update the user in storage.",
                                "auth": {
                                    "type": "noauth"
                                }
                            },
                            "header": null,
                            "cookie": [],
                            "body": "{\n    \"data\": {\n        \"name\": \"Enrique Denesik\",\n        \"username\": \"giovani59\",\n        \"email\": \"zreichel@example.org\",\n        \"email_verified_at\": \"2023-08-17T13:12:12.000000Z\",\n        \"updated_at\": \"2023-08-17T13:12:12.000000Z\",\n        \"created_at\": \"2023-08-17T13:12:12.000000Z\",\n        \"id\": 30\n    }\n}"
                        }
                    ]
                },
                {
                    "name": "DELETE \/users",
                    "request": {
                        "url": {
                            "protocol": "http",
                            "host": "{{baseUrl}}",
                            "path": "api\/users\/:id",
                            "query": [],
                            "raw": "http:\/\/{{baseUrl}}\/api\/users\/:id",
                            "variable": [
                                {
                                    "id": "id",
                                    "key": "id",
                                    "value": "tenetur",
                                    "description": ""
                                }
                            ]
                        },
                        "method": "DELETE",
                        "header": [
                            {
                                "key": "Content-Type",
                                "value": "application\/json"
                            },
                            {
                                "key": "Accept",
                                "value": "application\/json"
                            }
                        ],
                        "body": null,
                        "description": "Remove the specified resource from storage.",
                        "auth": {
                            "type": "noauth"
                        }
                    },
                    "response": []
                },
                {
                    "name": "POST \/logout",
                    "request": {
                        "url": {
                            "protocol": "http",
                            "host": "{{baseUrl}}",
                            "path": "api\/logout",
                            "query": [],
                            "raw": "http:\/\/{{baseUrl}}\/api\/logout"
                        },
                        "method": "POST",
                        "header": [
                            {
                                "key": "Content-Type",
                                "value": "application\/json"
                            },
                            {
                                "key": "Accept",
                                "value": "application\/json"
                            }
                        ],
                        "body": null,
                        "description": "",
                        "auth": {
                            "type": "noauth"
                        }
                    },
                    "response": []
                }
            ]
        }
    ],
    "auth": {
        "type": "noauth"
    }
}